{"b":0.1,"L":3.141592653589793,"max_iter":10000,"N":46,"solver":"LevenbergMarquardt","tol":1.0e-12,"iterations":[24.0,28.0,28.0,27.0,27.0,28.0,28.0,28.0,28.0,31.0,27.0,28.0,28.0,28.0,28.0,28.0,28.0,28.0,28.0,28.0,28.0,28.0,30.0,28.0,28.0,28.0,28.0,28.0,28.0,28.0,28.0,28.0,28.0,28.0,28.0,28.0,28.0,28.0,28.0,28.0,28.0,28.0,28.0,28.0,28.0,28.0,28.0,28.0,28.0,29.0,29.0,29.0,29.0,29.0,29.0,29.0,28.0,28.0,28.0,28.0,29.0,29.0,29.0,59.0,98.0,90.0,36.0,384.0,38.0,3984.0,40.0,138.0,30.0,1421.0,51.0,124.0,30.0,1383.0,51.0,1042.0,28.0,97.0,28.0,97.0,36.0,379.0,28.0,81.0,28.0,613.0,63.0,104.0,30.0,65.0,92.0,88.0,28.0,53.0,28.0,107.0],"λ2":1.5,"initial_guess":[0.39030218873766415,1.0,0.01,1.0e-12,1.0e-10,1.0e-10,1.0e-10,1.0e-10,1.0e-10,1.0e-10,1.0e-10,1.0e-10,1.0e-10,1.0e-10,1.0e-10,1.0e-10,1.0e-10,1.0e-10,1.0e-10,1.0e-10,1.0e-10,1.0e-10,1.0e-10,1.0e-10,1.0e-10,1.0e-10,1.0e-10,1.0e-10,1.0e-10,1.0e-10,1.0e-10,1.0e-10,1.0e-10,1.0e-10,1.0e-10,1.0e-10,1.0e-10,1.0e-10,1.0e-10,1.0e-10,1.0e-10,1.0e-10,1.0e-10,1.0e-10,1.0e-10,1.0e-10,1.0e-10,1.0e-10],"errors":[5.499116652308206e-10,1.878931920322813e-9,1.9320467113063008e-9,2.7887677941284596e-9,4.0466286842448444e-9,1.9034031034552724e-9,1.9105501231125337e-9,1.9190695402376602e-9,1.9483267928313507e-9,2.332842659881566e-9,4.14126472396593e-9,1.947939974382903e-9,1.9559859936012153e-9,1.9641929437555893e-9,1.9725949547186456e-9,1.9812260640114724e-9,1.990177194252137e-9,1.9992824817123156e-9,2.0085222555625054e-9,2.0180720587450383e-9,2.0277612306470367e-9,2.03787273934171e-9,2.048177631810902e-9,2.104591323896002e-9,2.1146797540361102e-9,2.125020127483614e-9,2.1357157159692615e-9,2.146606720597898e-9,2.1586541050526614e-9,2.169297997002653e-9,2.1821076160971644e-9,2.1935134476555647e-9,2.2065615409630592e-9,2.2201176522386945e-9,2.2319916195903744e-9,2.245613175650391e-9,2.2598777745322306e-9,2.274263721622382e-9,2.288644243197771e-9,2.3034612463971998e-9,2.320712217072373e-9,2.3354607773501297e-9,2.352481298439949e-9,2.3685904987170687e-9,2.386247847457215e-9,2.404040032900899e-9,2.4231965236205107e-9,2.4417612154525495e-9,2.4614448748258334e-9,2.482305971324115e-9,2.504049523492903e-9,2.5279600469142516e-9,2.555718771550981e-9,2.59347912105372e-9,2.6539462417409113e-9,2.7791250726755453e-9,3.1652059067642686e-9,3.84912638311952e-9,5.378899395575012e-9,8.580486442817425e-9,1.4657195001569093e-8,2.624318235372499e-8,4.661944679315824e-8,5.398996036566551e-8,6.08764885737131e-8,7.816027486895716e-8,9.037796319062375e-8,7.493619242742477e-8,7.299852737332322e-8,1.744377896419355e-8,1.715315236324203e-8,3.9531812038907346e-8,3.9636069866928795e-8,2.8903353844494083e-8,2.535068606741656e-8,6.2796287970653e-8,5.960983351393197e-8,2.4413644543386186e-8,2.1098730402580217e-8,2.099065327998225e-8,2.2527385342928995e-8,4.9433209493342e-8,4.4048430858502174e-8,3.7878704740989236e-8,3.539248614599694e-8,1.6860750516006355e-8,4.542620997657146e-8,3.45586227202498e-8,3.11526353794437e-8,1.693006324520652e-8,1.5407457013628526e-8,2.230145521717847e-8,2.2412884056253248e-8,7.010791358754545e-8,2.9751070642079805e-8,4.3265802490825995e-8,3.9262332940354046e-8,7.17668247409764e-8,6.026077689647088e-8,5.242261989281241e-8],"branchN":100,"flags":[0.0,0.0,0.0,0.0,0.0,0.0,0.0,0.0,0.0,0.0,0.0,0.0,0.0,0.0,0.0,0.0,0.0,0.0,0.0,0.0,0.0,0.0,0.0,0.0,0.0,0.0,0.0,0.0,0.0,0.0,0.0,0.0,0.0,0.0,0.0,0.0,0.0,0.0,0.0,0.0,0.0,0.0,0.0,0.0,0.0,0.0,0.0,0.0,0.0,0.0,0.0,0.0,0.0,0.0,0.0,0.0,0.0,0.0,0.0,0.0,0.0,0.0,0.0,0.0,0.0,0.0,0.0,0.0,0.0,0.0,0.0,0.0,0.0,0.0,0.0,0.0,0.0,0.0,0.0,0.0,0.0,0.0,0.0,0.0,0.0,0.0,0.0,0.0,0.0,0.0,0.0,0.0,0.0,0.0,0.0,0.0,0.0,0.0,0.0,0.0],"a1Vals":[0.01,0.0132,0.0164,0.0196,0.0228,0.026,0.0292,0.0324,0.0356,0.0388,0.042,0.0452,0.0484,0.0516,0.0548,0.058,0.0612,0.0644,0.0676,0.0708,0.074,0.0772,0.0804,0.0836,0.0868,0.09,0.0932,0.0964,0.0996,0.1028,0.106,0.1092,0.1124,0.1156,0.1188,0.122,0.1252,0.1284,0.1316,0.1348,0.138,0.1412,0.1444,0.1476,0.1508,0.154,0.1572,0.1604,0.1636,0.1668,0.17,0.1732,0.1764,0.1796,0.1828,0.186,0.1892,0.1924,0.1956,0.1988,0.202,0.2052,0.2084,0.2116,0.2148,0.218,0.2212,0.2244,0.2276,0.2308,0.234,0.2372,0.2404,0.2436,0.2468,0.25,0.2532,0.2564,0.2596,0.2628,0.266,0.2692,0.2724,0.2756,0.2788,0.282,0.2852,0.2884,0.2916,0.2948,0.298,0.3012,0.3044,0.3076,0.3108,0.314,0.3172,0.3204,0.3236,0.3268,0.33],"vf":1.0}