{"b":0.1,"L":3.141592653589793,"max_iter":5000,"N":36,"solver":"Broyden","tol":1.0e-12,"iterations":[3.0,6.0,6.0,6.0,6.0,6.0,6.0,6.0,6.0,6.0,6.0,6.0,6.0,6.0,6.0,6.0,6.0,6.0,6.0,6.0,9.0,9.0,9.0,9.0,9.0,9.0,9.0,9.0,13.0,13.0,9.0,11.0,11.0,11.0,11.0,11.0,11.0,11.0,11.0,13.0,11.0,10.0,10.0,10.0,10.0,10.0,10.0,10.0,10.0,10.0,10.0,10.0,14.0,11.0,14.0,13.0,49.0,15.0,11.0,13.0,9.0,11.0,9.0,11.0,10.0,19.0,12.0,13.0,20.0,15.0,12.0,13.0,28.0,12.0,28.0,14.0,17.0,34.0,14.0,34.0,49.0,38.0,101.0,53.0,96.0,119.0,99.0,90.0,88.0,93.0,116.0,71.0,196.0,119.0,83.0,322.0,175.0,146.0,366.0,108.0],"λ2":1.5,"initial_guess":[0.39030218873766415,1.0,0.01,1.0e-12,1.0e-10,1.0e-10,1.0e-10,1.0e-10,1.0e-10,1.0e-10,1.0e-10,1.0e-10,1.0e-10,1.0e-10,1.0e-10,1.0e-10,1.0e-10,1.0e-10,1.0e-10,1.0e-10,1.0e-10,1.0e-10,1.0e-10,1.0e-10,1.0e-10,1.0e-10,1.0e-10,1.0e-10,1.0e-10,1.0e-10,1.0e-10,1.0e-10,1.0e-10,1.0e-10,1.0e-10,1.0e-10,1.0e-10,1.0e-10],"errors":[3.468381749403192e-13,9.551017687542775e-13,8.631877767026764e-13,3.510138100916085e-13,3.22003816886139e-13,2.2722339345452782e-13,1.4213341600739102e-13,1.474379581770724e-13,4.236463245615745e-13,4.4243677034820315e-13,1.2797588924682665e-13,2.2453040746195236e-13,1.690029387601546e-13,3.0544973911753697e-13,2.698948203667408e-13,2.4592588368475427e-13,3.8371718804983893e-13,7.876100697110704e-14,1.3776543358051808e-13,1.9653988863531496e-13,9.107032814880764e-14,7.716169126449007e-14,2.7722031704633013e-13,7.950033245607228e-14,4.907026707471712e-13,2.530092418625261e-13,5.06370394950305e-13,2.0387334354864973e-13,1.4320676790483927e-13,1.5499848597625337e-13,4.065082183606288e-13,4.3951767762160234e-13,4.862508718477444e-13,4.31407271295217e-13,5.988709288026058e-13,4.1575292267802657e-13,4.4611347660796807e-13,4.1218891955486165e-13,5.323123495244404e-13,1.451597662187189e-13,4.574001007784389e-13,3.7681544591718207e-14,1.4999594314301318e-13,1.9171702667764867e-14,7.569318465997902e-14,1.0363076727610557e-13,1.299794287799351e-13,2.0599797157757376e-13,1.79974837975616e-13,6.006463600089939e-13,1.2171489384183585e-13,4.899928014718186e-13,5.495583288495231e-13,2.3686801791454924e-13,7.537728978510229e-13,7.596797133687096e-13,2.6281857136887028e-14,7.11562316889437e-13,8.585831800938165e-14,6.288474327734178e-13,2.535168439449376e-13,2.5255620652401935e-13,5.714373427486972e-13,4.064485550686182e-13,6.864475215215164e-14,1.7357054918039904e-13,6.273884861432061e-14,2.719776288451899e-13,5.18703669021915e-13,4.4961883711935873e-13,2.4087552913141195e-13,1.599864734383402e-13,1.1846226458768029e-12,1.263920597185915e-12,3.255711714982546e-13,4.1135390058703973e-13,8.460266962986154e-13,2.2804458190173095e-13,3.1700543124581014e-13,1.8283244519393106e-13,5.629081321945505e-13,3.731108767001497e-13,4.833562149065937e-13,1.3788202108762556e-13,3.531090152800026e-13,4.988356700341379e-13,6.06787467499387e-13,5.77302936457912e-13,1.6194389197118688e-13,4.368224483703495e-13,5.959632635128266e-13,2.821629764614303e-13,9.20139017736363e-14,9.614013840760473e-13,2.8866178514997425e-13,2.9990108492407e-13,3.5600306550177927e-13,3.3944429634945377e-13,6.875441423648183e-13,1.0432330965271564e-13],"branchN":100,"flags":[0.0,0.0,0.0,0.0,0.0,0.0,0.0,0.0,0.0,0.0,0.0,0.0,0.0,0.0,0.0,0.0,0.0,0.0,0.0,0.0,0.0,0.0,0.0,0.0,0.0,0.0,0.0,0.0,0.0,0.0,0.0,0.0,0.0,0.0,0.0,0.0,0.0,0.0,0.0,0.0,0.0,0.0,0.0,0.0,0.0,0.0,0.0,0.0,0.0,0.0,0.0,0.0,0.0,0.0,0.0,0.0,0.0,0.0,0.0,0.0,0.0,0.0,0.0,0.0,0.0,0.0,0.0,0.0,0.0,0.0,0.0,0.0,0.0,0.0,0.0,0.0,0.0,0.0,0.0,0.0,0.0,0.0,0.0,0.0,0.0,0.0,0.0,0.0,0.0,0.0,0.0,0.0,0.0,0.0,0.0,0.0,0.0,0.0,0.0,0.0],"a1Vals":[0.01,0.0128,0.0156,0.0184,0.0212,0.024,0.0268,0.0296,0.0324,0.0352,0.038,0.0408,0.0436,0.0464,0.0492,0.052,0.0548,0.0576,0.0604,0.0632,0.066,0.0688,0.0716,0.0744,0.0772,0.08,0.0828,0.0856,0.0884,0.0912,0.094,0.0968,0.0996,0.1024,0.1052,0.108,0.1108,0.1136,0.1164,0.1192,0.122,0.1248,0.1276,0.1304,0.1332,0.136,0.1388,0.1416,0.1444,0.1472,0.15,0.1528,0.1556,0.1584,0.1612,0.164,0.1668,0.1696,0.1724,0.1752,0.178,0.1808,0.1836,0.1864,0.1892,0.192,0.1948,0.1976,0.2004,0.2032,0.206,0.2088,0.2116,0.2144,0.2172,0.22,0.2228,0.2256,0.2284,0.2312,0.234,0.2368,0.2396,0.2424,0.2452,0.248,0.2508,0.2536,0.2564,0.2592,0.262,0.2648,0.2676,0.2704,0.2732,0.276,0.2788,0.2816,0.2844,0.2872,0.29],"vf":1.0}