{"b":0.1,"L":3.141592653589793,"max_iter":10000,"N":106,"solver":"LevenbergMarquardt","tol":1.0e-8,"iterations":[3.0,3.0,3.0,3.0,13.0,3.0,3.0,3.0,3.0,13.0,3.0,3.0,3.0,3.0,3.0,3.0,3.0,3.0,3.0,3.0,3.0,3.0,3.0,3.0,3.0,6.0,5.0,11.0,17.0,18.0,12.0,13.0,13.0,28.0,13.0,14.0,14.0,13.0,14.0,13.0,14.0,13.0,14.0,13.0,8.0,13.0,8.0,13.0,9.0,31.0,7.0,26.0,9.0,13.0,13.0,13.0,11.0,13.0,13.0,26.0,13.0,26.0,14.0,19.0,7.0,14.0,13.0,13.0,13.0,13.0,14.0,13.0,14.0,13.0,14.0,18.0,13.0,26.0,13.0,23.0,13.0,13.0,13.0,13.0,13.0,13.0,13.0,13.0,13.0,13.0,13.0,13.0,13.0,13.0,13.0,13.0,13.0,13.0,13.0,13.0],"λ2":1.5,"initial_guess":[0.39030218873766415,1.0,0.01,1.0e-12,1.0e-10,1.0e-10,1.0e-10,1.0e-10,1.0e-10,1.0e-10,1.0e-10,1.0e-10,1.0e-10,1.0e-10,1.0e-10,1.0e-10,1.0e-10,1.0e-10,1.0e-10,1.0e-10,1.0e-10,1.0e-10,1.0e-10,1.0e-10,1.0e-10,1.0e-10,1.0e-10,1.0e-10,1.0e-10,1.0e-10,1.0e-10,1.0e-10,1.0e-10,1.0e-10,1.0e-10,1.0e-10,1.0e-10,1.0e-10,1.0e-10,1.0e-10,1.0e-10,1.0e-10,1.0e-10,1.0e-10,1.0e-10,1.0e-10,1.0e-10,1.0e-10,1.0e-10,1.0e-10,1.0e-10,1.0e-10,1.0e-10,1.0e-10,1.0e-10,1.0e-10,1.0e-10,1.0e-10,1.0e-10,1.0e-10,1.0e-10,1.0e-10,1.0e-10,1.0e-10,1.0e-10,1.0e-10,1.0e-10,1.0e-10,1.0e-10,1.0e-10,1.0e-10,1.0e-10,1.0e-10,1.0e-10,1.0e-10,1.0e-10,1.0e-10,1.0e-10,1.0e-10,1.0e-10,1.0e-10,1.0e-10,1.0e-10,1.0e-10,1.0e-10,1.0e-10,1.0e-10,1.0e-10,1.0e-10,1.0e-10,1.0e-10,1.0e-10,1.0e-10,1.0e-10,1.0e-10,1.0e-10,1.0e-10,1.0e-10,1.0e-10,1.0e-10,1.0e-10,1.0e-10,1.0e-10,1.0e-10,1.0e-10,1.0e-10,1.0e-10,1.0e-10],"errors":[5.499080284841155e-10,1.9068549185409856e-9,1.944423393047011e-9,2.507238180647213e-9,4.046610577209834e-9,1.933584250489395e-9,1.9446132170695185e-9,2.0010474217776024e-9,2.8666069742767453e-9,4.124863289057716e-9,1.9735722752377898e-9,1.9826842685783402e-9,1.991367726173722e-9,2.0015537654846014e-9,2.0111059022842614e-9,2.0217852745977347e-9,2.030765669378682e-9,2.0408285493010616e-9,2.0511396944234927e-9,2.062280336173453e-9,2.077332989681538e-9,2.0952376051389782e-9,2.1243185507767916e-9,2.1978739594943753e-9,2.352369576577234e-9,3.6768451678064882e-9,5.150937996308333e-9,1.2415821654052467e-8,1.0428368637553637e-8,1.4164839055628268e-8,1.1490923275808063e-8,2.7040803083825276e-8,1.3191603013424024e-8,9.995982772854778e-9,8.33963054181673e-9,2.2420783203675087e-8,1.2161935416544262e-8,2.3573748130797126e-8,1.2399300343632999e-8,2.1996151014442513e-8,1.2471051301511394e-8,2.3540184387792737e-8,1.215581702892209e-8,2.6036829991723792e-8,1.2972316252822664e-8,2.5145351965233977e-8,1.3053609265646849e-8,2.5593426162962386e-8,1.2528776754140249e-8,5.774379968887085e-9,4.999781729352322e-9,2.1389066316380486e-8,1.2145624580575104e-8,2.8344031724403645e-8,1.5170155895922385e-8,2.5778140567814485e-8,1.517856868145131e-8,2.7263513576649196e-8,1.3476750701727992e-8,2.180955939380418e-8,1.2935990831486893e-8,2.3741739138378755e-8,1.497107215418502e-8,1.0452777444013324e-8,6.735560152667055e-9,2.961207493173314e-8,1.6137847002016884e-8,2.7378584816811698e-8,1.715569168491771e-8,2.5392693838960335e-8,1.6809346498730084e-8,2.4699325488457473e-8,1.5866201797382922e-8,2.600282277785506e-8,1.5592739897587704e-8,1.0392917078679894e-8,8.816685302683648e-9,2.1138229152516124e-8,1.2955566940187807e-8,2.642890681972612e-8,1.657220595696113e-8,3.032941664256712e-8,1.8404833475605497e-8,2.8533464154486932e-8,1.8853176729428815e-8,2.5995763856001802e-8,1.8497219067525166e-8,2.3444440680937912e-8,1.7554072139401482e-8,2.1292557242465436e-8,1.6327417445151e-8,2.0138602427502308e-8,1.5137164677757894e-8,2.039225984779724e-8,1.4319203010318885e-8,2.1783710944954732e-8,1.4072753556812694e-8,2.368142879425696e-8,1.4449863471873862e-8,2.5114844672681095e-8],"branchN":100,"flags":[0.0,0.0,0.0,0.0,0.0,0.0,0.0,0.0,0.0,0.0,0.0,0.0,0.0,0.0,0.0,0.0,0.0,0.0,0.0,0.0,0.0,0.0,0.0,0.0,0.0,0.0,0.0,0.0,0.0,0.0,0.0,0.0,0.0,0.0,0.0,0.0,0.0,0.0,0.0,0.0,0.0,0.0,0.0,0.0,0.0,0.0,0.0,0.0,0.0,0.0,0.0,0.0,0.0,0.0,0.0,0.0,0.0,0.0,0.0,0.0,0.0,0.0,0.0,0.0,0.0,0.0,0.0,0.0,0.0,0.0,0.0,0.0,0.0,0.0,0.0,0.0,0.0,0.0,0.0,0.0,0.0,0.0,0.0,0.0,0.0,0.0,0.0,0.0,0.0,0.0,0.0,0.0,0.0,0.0,0.0,0.0,0.0,0.0,0.0,0.0],"a1Vals":[0.01,0.0132,0.0164,0.0196,0.0228,0.026,0.0292,0.0324,0.0356,0.0388,0.042,0.0452,0.0484,0.0516,0.0548,0.058,0.0612,0.0644,0.0676,0.0708,0.074,0.0772,0.0804,0.0836,0.0868,0.09,0.0932,0.0964,0.0996,0.1028,0.106,0.1092,0.1124,0.1156,0.1188,0.122,0.1252,0.1284,0.1316,0.1348,0.138,0.1412,0.1444,0.1476,0.1508,0.154,0.1572,0.1604,0.1636,0.1668,0.17,0.1732,0.1764,0.1796,0.1828,0.186,0.1892,0.1924,0.1956,0.1988,0.202,0.2052,0.2084,0.2116,0.2148,0.218,0.2212,0.2244,0.2276,0.2308,0.234,0.2372,0.2404,0.2436,0.2468,0.25,0.2532,0.2564,0.2596,0.2628,0.266,0.2692,0.2724,0.2756,0.2788,0.282,0.2852,0.2884,0.2916,0.2948,0.298,0.3012,0.3044,0.3076,0.3108,0.314,0.3172,0.3204,0.3236,0.3268,0.33],"vf":1.0}