{"b":0.1,"L":3.141592653589793,"max_iter":10000,"N":46,"solver":"LevenbergMarquardt","tol":1.0e-8,"iterations":[3.0,3.0,3.0,3.0,13.0,3.0,3.0,3.0,3.0,13.0,3.0,3.0,3.0,3.0,3.0,3.0,3.0,3.0,3.0,3.0,3.0,3.0,3.0,3.0,3.0,3.0,3.0,3.0,3.0,3.0,3.0,3.0,3.0,3.0,3.0,3.0,3.0,3.0,3.0,3.0,3.0,3.0,3.0,3.0,3.0,3.0,3.0,3.0,3.0,3.0,3.0,3.0,3.0,3.0,3.0,4.0,4.0,5.0,6.0,7.0,7.0,8.0,12.0,14.0,57.0,35.0,76.0,9.0,37.0,11.0,3270.0,28.0,2995.0,16.0,935.0,26.0,930.0,22.0,56.0,13.0,510.0,26.0,516.0,25.0,500.0,24.0,49.0,13.0,402.0,10.0,480.0,10.0,68.0,13.0,51.0,13.0,47.0,13.0,40.0,11.0],"λ2":1.5,"initial_guess":[0.39030218873766415,1.0,0.01,1.0e-12,1.0e-10,1.0e-10,1.0e-10,1.0e-10,1.0e-10,1.0e-10,1.0e-10,1.0e-10,1.0e-10,1.0e-10,1.0e-10,1.0e-10,1.0e-10,1.0e-10,1.0e-10,1.0e-10,1.0e-10,1.0e-10,1.0e-10,1.0e-10,1.0e-10,1.0e-10,1.0e-10,1.0e-10,1.0e-10,1.0e-10,1.0e-10,1.0e-10,1.0e-10,1.0e-10,1.0e-10,1.0e-10,1.0e-10,1.0e-10,1.0e-10,1.0e-10,1.0e-10,1.0e-10,1.0e-10,1.0e-10,1.0e-10,1.0e-10,1.0e-10,1.0e-10],"errors":[5.499116652308206e-10,1.9067959868604684e-9,1.944523239833979e-9,2.507197999609853e-9,4.046611349997356e-9,1.9336411676302773e-9,1.9442692517872243e-9,2.001352368844436e-9,2.8661165061145234e-9,4.1248608904909294e-9,1.973183992620541e-9,1.981978257536824e-9,1.990729024875434e-9,1.9998617117915224e-9,2.009131429998955e-9,2.0187790451365523e-9,2.0286991573139897e-9,2.0388866767604897e-9,2.0491638041843944e-9,2.0597720236055634e-9,2.0709010672787007e-9,2.0821245991037805e-9,2.0936060824772828e-9,2.1058898905706427e-9,2.1176861262404508e-9,2.130245501249053e-9,2.143164040305965e-9,2.156457614927211e-9,2.170339868490519e-9,2.1843837488768606e-9,2.1986972511453852e-9,2.214038808240468e-9,2.2287150046252038e-9,2.244986762769705e-9,2.2612012947871053e-9,2.277070913373668e-9,2.294974711669948e-9,2.3127063283386065e-9,2.3302628664176747e-9,2.348473789925297e-9,2.3681691835752526e-9,2.3871919856198903e-9,2.408044591914608e-9,2.428216708128257e-9,2.449681051574965e-9,2.4715401713582885e-9,2.4939904768383396e-9,2.517140297585384e-9,2.54153701789009e-9,2.5671067769411014e-9,2.5947684133891313e-9,2.6218186036191715e-9,2.6557568854466225e-9,2.6991780755504027e-9,2.7713444310654977e-9,2.9099131379699535e-9,3.2403064176333843e-9,4.011079145656053e-9,5.761375533328496e-9,9.255205064502115e-9,1.6053918507125537e-8,2.860867838476125e-8,5.136919386455195e-8,8.629207285102765e-8,8.8385784726905e-8,1.0693702124577258e-7,1.0906339813155097e-7,1.1033002607463194e-7,1.2149096761018432e-7,1.1218171214887886e-7,2.9009458044162606e-8,2.5504172453525785e-8,2.117315479496758e-8,2.012164912511495e-8,2.7152682011011994e-8,2.3359917487214276e-8,2.725744860234024e-8,2.3580285097681856e-8,1.013617245428085e-7,8.572287449256161e-8,2.5657117767057344e-8,2.2682934159655233e-8,2.1351980024133787e-8,1.887804047765731e-8,1.952312262851638e-8,1.7371953039748295e-8,3.299003345506761e-8,2.99350275453731e-8,2.1055892441242966e-8,2.3598020426886444e-8,1.718747877995288e-8,1.9609130100686617e-8,3.433968348426818e-8,2.998727973748296e-8,5.8422499761435565e-8,4.960780670571282e-8,6.286242119449412e-8,5.370388973855422e-8,6.071836555255657e-8,5.271243315562134e-8],"branchN":100,"flags":[0.0,0.0,0.0,0.0,0.0,0.0,0.0,0.0,0.0,0.0,0.0,0.0,0.0,0.0,0.0,0.0,0.0,0.0,0.0,0.0,0.0,0.0,0.0,0.0,0.0,0.0,0.0,0.0,0.0,0.0,0.0,0.0,0.0,0.0,0.0,0.0,0.0,0.0,0.0,0.0,0.0,0.0,0.0,0.0,0.0,0.0,0.0,0.0,0.0,0.0,0.0,0.0,0.0,0.0,0.0,0.0,0.0,0.0,0.0,0.0,0.0,0.0,0.0,0.0,0.0,0.0,0.0,0.0,0.0,0.0,0.0,0.0,0.0,0.0,0.0,0.0,0.0,0.0,0.0,0.0,0.0,0.0,0.0,0.0,0.0,0.0,0.0,0.0,0.0,0.0,0.0,0.0,0.0,0.0,0.0,0.0,0.0,0.0,0.0,0.0],"a1Vals":[0.01,0.0132,0.0164,0.0196,0.0228,0.026,0.0292,0.0324,0.0356,0.0388,0.042,0.0452,0.0484,0.0516,0.0548,0.058,0.0612,0.0644,0.0676,0.0708,0.074,0.0772,0.0804,0.0836,0.0868,0.09,0.0932,0.0964,0.0996,0.1028,0.106,0.1092,0.1124,0.1156,0.1188,0.122,0.1252,0.1284,0.1316,0.1348,0.138,0.1412,0.1444,0.1476,0.1508,0.154,0.1572,0.1604,0.1636,0.1668,0.17,0.1732,0.1764,0.1796,0.1828,0.186,0.1892,0.1924,0.1956,0.1988,0.202,0.2052,0.2084,0.2116,0.2148,0.218,0.2212,0.2244,0.2276,0.2308,0.234,0.2372,0.2404,0.2436,0.2468,0.25,0.2532,0.2564,0.2596,0.2628,0.266,0.2692,0.2724,0.2756,0.2788,0.282,0.2852,0.2884,0.2916,0.2948,0.298,0.3012,0.3044,0.3076,0.3108,0.314,0.3172,0.3204,0.3236,0.3268,0.33],"vf":1.0}