{"b":0.1,"L":3.141592653589793,"B":1.5,"max_iter":5000,"N":36,"solver":"Broyden","tol":1.0e-8,"iterations":[2.0,6.0,5.0,5.0,5.0,5.0,5.0,5.0,5.0,5.0,5.0,5.0,5.0,5.0,5.0,5.0,5.0,5.0,5.0,5.0,5.0,5.0,5.0,5.0,5.0,5.0,5.0,5.0,5.0,5.0,5.0,5.0,5.0,5.0,5.0,5.0,5.0,5.0,5.0,5.0,5.0,5.0,5.0,5.0,5.0,5.0,5.0,5.0,5.0,5.0,5.0,5.0,5.0,5.0,5.0,5.0,5.0,5.0,5.0,5.0,5.0,5.0,5.0,5.0,5.0,5.0,5.0,5.0,5.0,5.0,5.0,5.0,5.0,5.0,5.0,5.0,5.0,5.0,5.0,5.0,6.0,5.0,5.0,6.0,5.0,6.0,5.0,6.0,6.0,5.0,6.0,7.0,7.0,7.0,8.0,8.0,7.0,8.0,11.0,12.0],"E":0.25,"initial_guess":[0.8153764022845229,1.0,0.001,1.0e-12,1.0e-10,1.0e-10,1.0e-10,1.0e-10,1.0e-10,1.0e-10,1.0e-10,1.0e-10,1.0e-10,1.0e-10,1.0e-10,1.0e-10,1.0e-10,1.0e-10,1.0e-10,1.0e-10,1.0e-10,1.0e-10,1.0e-10,1.0e-10,1.0e-10,1.0e-10,1.0e-10,1.0e-10,1.0e-10,1.0e-10,1.0e-10,1.0e-10,1.0e-10,1.0e-10,1.0e-10,1.0e-10,1.0e-10,1.0e-10],"errors":[3.8700045452711205e-11,4.304230129554656e-10,1.0386910864933654e-8,7.243940780928166e-9,5.622149198876235e-9,4.624157280394474e-9,3.9464188831989135e-9,3.4560680247357388e-9,3.085108838112307e-9,2.7950562862748214e-9,2.5622943729934617e-9,2.3715736209764366e-9,2.2127438261932233e-9,2.078540587042743e-9,1.963846162993864e-9,1.86480518394505e-9,1.778554000980358e-9,1.702881562142944e-9,1.6360638623405095e-9,1.5767166799480779e-9,1.5238418799181907e-9,1.4763548310856017e-9,1.4336386409665208e-9,1.3950810939723688e-9,1.3601626802780627e-9,1.3284943100134824e-9,1.2997060750621683e-9,1.273474105593181e-9,1.249590465738809e-9,1.2277833683720411e-9,1.2079160198829332e-9,1.189798281577032e-9,1.173302399992678e-9,1.1582893077647596e-9,1.1446938214324855e-9,1.1324006526291553e-9,1.1213444640614824e-9,1.1114654731338407e-9,1.10278561646202e-9,1.0951012052750652e-9,1.0885686629944028e-9,1.083067368354915e-9,1.0786380995440305e-9,1.0751817679320365e-9,1.0727008026808376e-9,1.0713485847999272e-9,1.0712895022616507e-9,1.0718664523376664e-9,1.0743595617280964e-9,1.0770882277904904e-9,1.082016377567033e-9,1.0875705185641892e-9,1.0953180039469054e-9,1.1034337051431046e-9,1.1134005541698541e-9,1.1274973791775023e-9,1.1413874626645954e-9,1.1579899576355055e-9,1.1753680249770557e-9,1.20000913614202e-9,1.2195859110615592e-9,1.2528784452216643e-9,1.280843622764543e-9,1.322637701221504e-9,1.3653730792036346e-9,1.396403142179395e-9,1.4563145155189684e-9,1.4509467008063764e-9,1.554775419159523e-9,1.6488116646536523e-9,1.7443272136986656e-9,1.6848991305990631e-9,1.891986835109327e-9,1.856373817023874e-9,2.12445734190157e-9,2.2037303433537154e-9,2.3851787881940083e-9,2.3937868409881254e-9,2.7788867549548304e-9,2.9885203738491168e-9,2.636664606624601e-10,8.347583472110544e-9,4.403102435400653e-9,7.733769825496935e-10,4.74202356624787e-9,1.0979087632399799e-9,6.622036094728776e-9,1.2598384578113403e-9,1.9093810537797656e-9,8.971627846469741e-9,1.6090589256490784e-9,3.5391647078163056e-10,3.2927402973595754e-10,2.1080869101039928e-10,1.7122183853397204e-9,2.961911314529695e-9,8.216028197646331e-10,1.8173849472377606e-10,1.1729718496885532e-9,2.040562332582641e-9],"branchN":100,"flags":[0.0,0.0,0.0,0.0,0.0,0.0,0.0,0.0,0.0,0.0,0.0,0.0,0.0,0.0,0.0,0.0,0.0,0.0,0.0,0.0,0.0,0.0,0.0,0.0,0.0,0.0,0.0,0.0,0.0,0.0,0.0,0.0,0.0,0.0,0.0,0.0,0.0,0.0,0.0,0.0,0.0,0.0,0.0,0.0,0.0,0.0,0.0,0.0,0.0,0.0,0.0,0.0,0.0,0.0,0.0,0.0,0.0,0.0,0.0,0.0,0.0,0.0,0.0,0.0,0.0,0.0,0.0,0.0,0.0,0.0,0.0,0.0,0.0,0.0,0.0,0.0,0.0,0.0,0.0,0.0,0.0,0.0,0.0,0.0,0.0,0.0,0.0,0.0,0.0,0.0,0.0,0.0,0.0,0.0,0.0,0.0,0.0,0.0,0.0,0.0],"a1Vals":[0.001,0.00429,0.00758,0.01087,0.01416,0.01745,0.02074,0.02403,0.02732,0.03061,0.0339,0.03719,0.04048,0.04377,0.04706,0.05035,0.05364,0.05693,0.06022,0.06351,0.0668,0.07009,0.07338,0.07667,0.07996,0.08325,0.08654,0.08983,0.09312,0.09641,0.0997,0.10299,0.10628,0.10957,0.11286,0.11615,0.11944,0.12273,0.12602,0.12931,0.1326,0.13589,0.13918,0.14247,0.14576,0.14905,0.15234,0.15563,0.15892,0.16221,0.1655,0.16879,0.17208,0.17537,0.17866,0.18195,0.18524,0.18853,0.19182,0.19511,0.1984,0.20169,0.20498,0.20827,0.21156,0.21485,0.21814,0.22143,0.22472,0.22801,0.2313,0.23459,0.23788,0.24117,0.24446,0.24775,0.25104,0.25433,0.25762,0.26091,0.2642,0.26749,0.27078,0.27407,0.27736,0.28065,0.28394,0.28723,0.29052,0.29381,0.2971,0.30039,0.30368,0.30697,0.31026,0.31355,0.31684,0.32013,0.32342,0.32671,0.33]}